Workbook

Sheet Gap Assessment
A1: Oscorp NIST CSF Gap Assessment
A2: Derived from the GRC Mastery NIST Cyber Security Assessment (2026) and aligned to the Oscorp 1–5 risk register.
A4: Gap ID | B4: NIST Function | C4: NIST Category | D4: Control / Capability | E4: Current State | F4: Target State | G4: Status | H4: Current Maturity | I4: Target Maturity | J4: Maturity Gap | K4: Related Risk ID | L4: Recommended Action | M4: Priority | N4: Responsible Owner | O4: Roadmap Phase | P4: Business / Security Rationale
A5: GAP-001 | B5: Identify | C5: Asset Management | D5: Physical asset inventory coverage | E5: A CMDB exists, but it should be expanded to include all hardware and a regular update schedule is not established. | F5: CMDB should comprehensively cover in-scope hardware and be reviewed on a defined schedule. | G5: Partial | H5: 2 | I5: 3 | J5: =MAX(0,I5-H5) -> 1 | K5: R-003 | L5: Expand the CMDB to network equipment, servers, endpoints, and other in-scope hardware; establish ownership and recurring reconciliation. | M5: High | N5: IT Operations | O5: Year 1 – Q2 | P5: Existing capability reduces implementation effort, but incomplete coverage creates blind spots.
A6: GAP-002 | B6: Identify | C6: Asset Management | D6: Software and SaaS inventory | E6: SaaS applications are used, but local applications and SaaS instances are not comprehensively catalogued or reviewed. | F6: Maintain an authoritative software/SaaS inventory with owners, criticality, sensitivity, and recurring review. | G6: Fail | H6: 1 | I6: 3 | J6: =MAX(0,I6-H6) -> 2 | K6: R-003 | L6: Inventory software, SaaS, and critical applications; assign owners and classifications; reconcile on a defined schedule. | M6: High | N6: IT Operations | O6: Year 1 – Q2 | P6: Unknown software limits patching, access governance, monitoring, and recovery.
A7: GAP-003 | B7: Identify | C7: Asset Management | D7: Network and data-flow mapping | E7: Current network diagrams, including cloud environments and data flows, are not maintained. | F7: Maintain current network and data-flow diagrams showing trust boundaries, cloud dependencies, and sensitive information flows. | G7: Fail | H7: 0 | I7: 3 | J7: =MAX(0,I7-H7) -> 3 | K7: R-004 | L7: Document network architecture and critical data flows; define ownership and update triggers. | M7: High | N7: IT / Architecture | O7: Year 1 – Q2/Q3 | P7: Architecture visibility is foundational for segmentation, monitoring, and incident response.
A8: GAP-004 | B8: Identify | C8: Asset Management | D8: Asset classification and prioritization | E8: Assets are not consistently classified according to sensitivity, criticality, and business value. | F8: Apply a documented classification scheme to systems, applications, data, and services. | G8: Fail | H8: 1 | I8: 3 | J8: =MAX(0,I8-H8) -> 2 | K8: R-003 | L8: Define classification criteria and apply them to the CMDB and critical service inventory. | M8: High | N8: IT / Business Owners | O8: Year 1 – Q2/Q3 | P8: Classification allows security effort to follow business importance.
A9: GAP-005 | B9: Identify | C9: Governance | D9: Cybersecurity roles and responsibilities | E9: Oscorp relies on generalist IT support; cybersecurity roles and reporting responsibilities are not formally defined. | F9: Document accountable cybersecurity roles, decision rights, escalation paths, and interfaces with third parties. | G9: Fail | H9: 0 | I9: 3 | J9: =MAX(0,I9-H9) -> 3 | K9: R-001 | L9: Create a cybersecurity governance charter and RACI; assign accountable leadership and reporting relationships. | M9: Critical | N9: Executive Leadership | O9: Year 1 – Q1 | P9: Undefined accountability is a systemic dependency for other security initiatives.
A10: GAP-006 | B10: Identify | C10: Governance | D10: Information security policy framework | E10: No formal information security policy framework is established. | F10: Maintain approved security policies defining scope, responsibilities, governance, and minimum control expectations. | G10: Fail | H10: 0 | I10: 3 | J10: =MAX(0,I10-H10) -> 3 | K10: R-001 | L10: Develop, approve, communicate, and periodically review core information security policies. | M10: Critical | N10: Executive Leadership / Security Lead | O10: Year 1 – Q1/Q2 | P10: Policies provide the authority and baseline for consistent control implementation.
A11: GAP-007 | B11: Identify | C11: Governance | D11: Legal and regulatory cybersecurity requirements | E11: Cybersecurity legal and regulatory obligations are not formally documented and managed. | F11: Maintain an applicable-requirements register and map obligations to policies, controls, and owners. | G11: Fail | H11: 1 | I11: 3 | J11: =MAX(0,I11-H11) -> 2 | K11: R-001 | L11: Identify applicable obligations; assign owners; map requirements to controls and review periodically. | M11: High | N11: Legal / Compliance / Security | O11: Year 1 – Q2 | P11: Unmanaged obligations can create compliance and contractual exposure.
A12: GAP-008 | B12: Identify | C12: Risk Management | D12: Formal cybersecurity risk process | E12: There is no established process for identifying, assessing, treating, accepting, and monitoring cybersecurity risk. | F12: Operate a documented risk-management lifecycle with approved methodology, ownership, treatment, escalation, and review. | G12: Fail | H12: 0 | I12: 3 | J12: =MAX(0,I12-H12) -> 3 | K12: R-002 | L12: Adopt the risk methodology and register; define assessment cadence, treatment criteria, and escalation. | M12: Critical | N12: Executive Leadership / Security Lead | O12: Year 1 – Q1/Q2 | P12: The risk process is the basis for prioritizing limited resources.
A13: GAP-009 | B13: Identify | C13: Risk Management | D13: Risk appetite and tolerance | E13: Cybersecurity risk appetite and tolerance are not defined or approved. | F13: Management should define and approve risk appetite/tolerance to guide treatment and acceptance decisions. | G13: Fail | H13: 0 | I13: 3 | J13: =MAX(0,I13-H13) -> 3 | K13: R-002 | L13: Develop a cyber risk appetite statement and approval process; link thresholds to escalation and acceptance. | M13: High | N13: Executive Leadership | O13: Year 1 – Q2 | P13: Without tolerance, management cannot consistently determine acceptable residual risk.
A14: GAP-010 | B14: Identify | C14: Risk Assessment | D14: Threat, likelihood, impact, and business-impact analysis | E14: Threat assessments and formal business impact/likelihood analysis are not consistently performed. | F14: Risk assessments should consider threats, vulnerabilities, likelihood, business impact, and control effectiveness. | G14: Fail | H14: 0 | I14: 3 | J14: =MAX(0,I14-H14) -> 3 | K14: R-002 | L14: Perform periodic cyber risk assessments and a business impact analysis using the approved methodology. | M14: Critical | N14: Security Lead / Business Continuity | O14: Year 1 – Q2 | P14: Risk scores need business-impact evidence rather than control status alone.
A15: GAP-011 | B15: Identify | C15: Supply Chain | D15: Third-party inventory and classification | E15: Third-party interactions are handled inconsistently; suppliers are not comprehensively inventoried, classified, or tracked. | F15: Maintain a complete supplier inventory with criticality, data access, service dependency, and security tiering. | G15: Fail | H15: 0 | I15: 3 | J15: =MAX(0,I15-H15) -> 3 | K15: R-005 | L15: Create third-party inventory and tiering; identify critical vendors and security dependencies. | M15: Critical | N15: Procurement / Security | O15: Year 1 – Q2/Q3 | P15: Third parties expand Oscorp's attack surface and service dependencies.
A16: GAP-012 | B16: Identify | C16: Business Environment | D16: Critical services and resilience requirements | E16: Critical services, dependencies, BIA results, and resilience requirements are not clearly defined. | F16: Identify critical services and dependencies and define business-approved resilience and recovery requirements. | G16: Fail | H16: 1 | I16: 3 | J16: =MAX(0,I16-H16) -> 2 | K16: R-006 | L16: Conduct a BIA; define critical services, dependencies, recovery priorities, and resilience requirements. | M16: High | N16: Business Continuity / IT | O16: Year 1 – Q2/Q3 | P16: Recovery investment should follow business criticality.
... A38: GAP-034 | B38: Recover | C38: Communications | D38: Crisis, executive, and reputation communications | E38: Recovery communication/escalation, public relations, and reputation-repair responsibilities are undefined. | F38: Maintain crisis communication procedures covering executives, internal stakeholders, external parties, and reputation management. | G38: Fail | H38: 0 | I38: 3 | J38: =MAX(0,I38-H38) -> 3 | K38: R-015 | L38: Create crisis communication/escalation procedures and assign communications/PR responsibilities; exercise them with DR/IR. | M38: High | N38: Executive Leadership / Communications | O38: Year 2 | P38: Recovery is not complete if stakeholders do not receive timely, coordinated information.

Sheet Gap Summary
A1: Oscorp Gap Assessment Summary
A3: NIST Function | B3: Total Gaps | C3: Fail | D3: Partial | E3: Pass | F3: Avg Current Maturity | G3: Avg Target Maturity | H3: Avg Maturity Gap
A4: Identify | B4: =COUNTIF('Gap Assessment'!$B$5:$B$38,A4) -> 12 | C4: =COUNTIFS('Gap Assessment'!$B$5:$B$38,A4,'Gap Assessment'!$G$5:$G$38,"Fail") -> 11 | D4: =COUNTIFS('Gap Assessment'!$B$5:$B$38,A4,'Gap Assessment'!$G$5:$G$38,"Partial") -> 1 | E4: =COUNTIFS('Gap Assessment'!$B$5:$B$38,A4,'Gap Assessment'!$G$5:$G$38,"Pass") -> 0 | F4: =SUMIF('Gap Assessment'!$B$5:$B$38,A4,'Gap Assessment'!$H$5:$H$38)/B4 -> 0.5 | G4: =SUMIF('Gap Assessment'!$B$5:$B$38,A4,'Gap Assessment'!$I$5:$I$38)/B4 -> 3 | H4: =SUMIF('Gap Assessment'!$B$5:$B$38,A4,'Gap Assessment'!$J$5:$J$38)/B4 -> 2.5
A5: Protect | B5: =COUNTIF('Gap Assessment'!$B$5:$B$38,A5) -> 12 | C5: =COUNTIFS('Gap Assessment'!$B$5:$B$38,A5,'Gap Assessment'!$G$5:$G$38,"Fail") -> 12 | D5: =COUNTIFS('Gap Assessment'!$B$5:$B$38,A5,'Gap Assessment'!$G$5:$G$38,"Partial") -> 0 | E5: =COUNTIFS('Gap Assessment'!$B$5:$B$38,A5,'Gap Assessment'!$G$5:$G$38,"Pass") -> 0 | F5: =SUMIF('Gap Assessment'!$B$5:$B$38,A5,'Gap Assessment'!$H$5:$H$38)/B5 -> 0.41666667 | G5: =SUMIF('Gap Assessment'!$B$5:$B$38,A5,'Gap Assessment'!$I$5:$I$38)/B5 -> 3 | H5: =SUMIF('Gap Assessment'!$B$5:$B$38,A5,'Gap Assessment'!$J$5:$J$38)/B5 -> 2.5833333
A6: Detect | B6: =COUNTIF('Gap Assessment'!$B$5:$B$38,A6) -> 4 | C6: =COUNTIFS('Gap Assessment'!$B$5:$B$38,A6,'Gap Assessment'!$G$5:$G$38,"Fail") -> 4 | D6: =COUNTIFS('Gap Assessment'!$B$5:$B$38,A6,'Gap Assessment'!$G$5:$G$38,"Partial") -> 0 | E6: =COUNTIFS('Gap Assessment'!$B$5:$B$38,A6,'Gap Assessment'!$G$5:$G$38,"Pass") -> 0 | F6: =SUMIF('Gap Assessment'!$B$5:$B$38,A6,'Gap Assessment'!$H$5:$H$38)/B6 -> 0 | G6: =SUMIF('Gap Assessment'!$B$5:$B$38,A6,'Gap Assessment'!$I$5:$I$38)/B6 -> 3 | H6: =SUMIF('Gap Assessment'!$B$5:$B$38,A6,'Gap Assessment'!$J$5:$J$38)/B6 -> 3
A7: Respond | B7: =COUNTIF('Gap Assessment'!$B$5:$B$38,A7) -> 3 | C7: =COUNTIFS('Gap Assessment'!$B$5:$B$38,A7,'Gap Assessment'!$G$5:$G$38,"Fail") -> 3 | D7: =COUNTIFS('Gap Assessment'!$B$5:$B$38,A7,'Gap Assessment'!$G$5:$G$38,"Partial") -> 0 | E7: =COUNTIFS('Gap Assessment'!$B$5:$B$38,A7,'Gap Assessment'!$G$5:$G$38,"Pass") -> 0 | F7: =SUMIF('Gap Assessment'!$B$5:$B$38,A7,'Gap Assessment'!$H$5:$H$38)/B7 -> 0 | G7: =SUMIF('Gap Assessment'!$B$5:$B$38,A7,'Gap Assessment'!$I$5:$I$38)/B7 -> 3 | H7: =SUMIF('Gap Assessment'!$B$5:$B$38,A7,'Gap Assessment'!$J$5:$J$38)/B7 -> 3
A8: Recover | B8: =COUNTIF('Gap Assessment'!$B$5:$B$38,A8) -> 3 | C8: =COUNTIFS('Gap Assessment'!$B$5:$B$38,A8,'Gap Assessment'!$G$5:$G$38,"Fail") -> 1 | D8: =COUNTIFS('Gap Assessment'!$B$5:$B$38,A8,'Gap Assessment'!$G$5:$G$38,"Partial") -> 1 | E8: =COUNTIFS('Gap Assessment'!$B$5:$B$38,A8,'Gap Assessment'!$G$5:$G$38,"Pass") -> 1 | F8: =SUMIF('Gap Assessment'!$B$5:$B$38,A8,'Gap Assessment'!$H$5:$H$38)/B8 -> 1.6666667 | G8: =SUMIF('Gap Assessment'!$B$5:$B$38,A8,'Gap Assessment'!$I$5:$I$38)/B8 -> 3.6666667 | H8: =SUMIF('Gap Assessment'!$B$5:$B$38,A8,'Gap Assessment'!$J$5:$J$38)/B8 -> 2
A10: Portfolio Interpretation
A11: Critical gaps | B11: Governance, formal risk management, third-party risk, access control, data protection, centralized logging/SIEM, endpoint protection, and incident response.
A12: Existing strength | B12: Oscorp's disaster recovery plan is regularly tested; the gap is primarily around lessons learned, update governance, and crisis communications.
A13: Use of maturity | B13: Maturity scores measure distance from the desired control state; they are separate from the 1–5 likelihood/impact risk model.
A14: Traceability | B14: Every gap maps to a related risk ID so the assessment can flow into treatment planning and the 3-year roadmap.

Sheet Maturity Model
A1: Control Maturity Model
A3: Level | B3: Maturity | C3: Definition
A4: 0 | B4: Not Implemented | C4: No control or repeatable process exists.
A5: 1 | B5: Initial | C5: Ad hoc, informal, incomplete, or dependent on individual effort.
A6: 2 | B6: Developing | C6: Partially implemented; some documentation or repeatability exists, but coverage is inconsistent.
A7: 3 | B7: Defined | C7: Documented, assigned, and consistently implemented across the intended scope.
A8: 4 | B8: Managed | C8: Measured, monitored, tested, and periodically reviewed for effectiveness.
A9: 5 | B9: Optimized | C9: Continuously improved, integrated, and adapted using performance and risk information.
A11: How to use the model
A12: Current Maturity | B12: Score the control based on evidence in the source assessment.
A13: Target Maturity | B13: Choose the level appropriate to business risk and roadmap goals; not every control needs Level 5.
A14: Maturity Gap | B14: Target Maturity minus Current Maturity. This measures control improvement needed, not business risk severity.

Sheet Priority Gaps
A1: Management Priority Gaps
A3: Priority | B3: Gap ID | C3: Capability | D3: Related Risk | E3: Recommended Action | F3: Owner | G3: Roadmap Phase
A4: 1 | B4: GAP-005 | C4: Cybersecurity roles and responsibilities | D4: R-001 | E4: Create a cybersecurity governance charter and RACI; assign accountable leadership and reporting relationships. | F4: Executive Leadership | G4: Year 1 – Q1
A5: 2 | B5: GAP-006 | C5: Information security policy framework | D5: R-001 | E5: Develop, approve, communicate, and periodically review core information security policies. | F5: Executive Leadership / Security Lead | G5: Year 1 – Q1/Q2
A6: 3 | B6: GAP-008 | C6: Formal cybersecurity risk process | D6: R-002 | E6: Adopt the risk methodology and register; define assessment cadence, treatment criteria, and escalation. | F6: Executive Leadership / Security Lead | G6: Year 1 – Q1/Q2
A7: 4 | B7: GAP-010 | C7: Threat, likelihood, impact, and business-impact analysis | D7: R-002 | E7: Perform periodic cyber risk assessments and a business impact analysis using the approved methodology. | F7: Security Lead / Business Continuity | G7: Year 1 – Q2
A8: 5 | B8: GAP-011 | C8: Third-party inventory and classification | D8: R-005 | E8: Create third-party inventory and tiering; identify critical vendors and security dependencies. | F8: Procurement / Security | G8: Year 1 – Q2/Q3
A9: 6 | B9: GAP-014 | C9: Least privilege and separation of duties | D9: R-007 | E9: Implement RBAC, access reviews, privileged account separation, and separation-of-duties requirements. | F9: IT / IAM Owner | G9: Year 1 – Q2/Q4
A10: 7 | B10: GAP-017 | C10: Data at rest and in transit protection | D10: R-009 | E10: Classify sensitive data; establish encryption standards; verify implementation across local, cloud, and transmission paths. | F10: Security / Data Owners | G10: Year 1 – Q3/Q4
A11: 8 | B11: GAP-018 | C11: Data loss prevention | D11: R-009 | E11: Define DLP requirements based on data classification; implement technical and procedural controls in phases. | F11: Security / Data Owners | G11: Year 1 – Year 2
A12: 9 | B12: GAP-023 | C12: Security logging requirements | D12: R-011 | E12: Establish logging standard and onboard priority systems in phases. | F12: Security / IT | G12: Year 1 – Q4
A13: 10 | B13: GAP-025 | C13: Centralized SIEM and event correlation | D13: R-011 | E13: Implement centralized logging/SIEM in phases, beginning with critical identity, endpoint, cloud, and infrastructure sources. | F13: Security Operations / IT | G13: Year 2 – Q1/Q2
A14: 11 | B14: GAP-026 | C14: Detection roles, thresholds, escalation, testing, and improvement | D14: R-011 | E14: Define detection RACI, severity/threshold criteria, triage workflow, escalation, exercises, and improvement cycle. | F14: Security Lead / IT | G14: Year 1 – Year 2
A15: 12 | B15: GAP-027 | C15: Endpoint malware protection | D15: R-012 | E15: Deploy EDR/anti-malware; define coverage, configuration, alert handling, and health monitoring. | F15: IT Operations / Security | G15: Year 1 – Q4
... A17: 14 | B17: GAP-031 | C17: Incident containment and mitigation | D17: R-013 | E17: Develop response playbooks and integrate vulnerability management with incident handling and risk acceptance. | F17: Security Lead / IT | G17: Year 1 – Q4
